{
    "a[A]": 0.9840360625962278,
    "a_err[A]": 0.03569965294328112,
    "b[V]": 0.14021968683259659,
    "b_err[V]": 0.21198501065325678
}