{
    "phase": {
        "a[V]": 6.60917199280084,
        "a_err[V]": 0.13165584618287432,
        "b[V]": -0.5831499099887887,
        "b_err[V]": 0.020532637413935472,
        "a_noise[V]": -13.89715641772268,
        "a_noise_err[V]": 0.6501145616511183,
        "b_noise[V]": 12.46898313788772,
        "b_noise_err[V]": 0.05045473961164558
    },
    "led": {
        "a[V*m**2]": -9.034477093070452e-05,
        "a_err[V*m**2]": 3.04913661683481e-05
    }
}