{
    "phase": {
        "a[V]": 6.609171993234964,
        "a_err[V]": 0.13165585634469812,
        "b[\u00b0]": -33.412028658754025,
        "b_err[\u00b0]": 1.1764334907732947,
        "a_noise[V]": -13.897156417968683,
        "a_noise_err[V]": 0.6501145752356674,
        "b_noise[\u00b0]": -5.579891477078879,
        "b_noise_err[\u00b0]": 2.890843784689504
    },
    "led": {
        "a[V*m**2]": 0.07954916355155355,
        "a_err[V*m**2]": 0.004013424104017356
    }
}