{
    "winkelrichtgroesse": {
        "a[Nm]": 0.02371906372938749,
        "a_err[Nm]": 0.00012366197446781187,
        "D[Nm]": 0.02371906372938749,
        "D_err[Nm]": 0.00012366197446781187
    },
    "eigentraegheit": {
        "p1[s^2/m^2]": 660.6371658135487,
        "p1_err[s^2/m^2]": 18.422729766411287,
        "p2[s^2]": 4.479032220807432,
        "p2_err[s^2]": 0.8612352582709407,
        "I_D[kg*m^2]": 0.002691051393092954,
        "I_D_err[kg*m^2]": 0.000517629707516673,
        "p1_Theorie[s^2/m^2]": 741.9971871072258
    },
    "brauner_zylinder": {
        "T_mean[s]": 0.8799999999999999,
        "T_mean_err[s]": 0.02352303835250313,
        "I_gemessen[kg*m^2]": -0.0022257834298195145,
        "I_gemessen_err[kg*m^2]": 0.0005182326786001169,
        "I_Theorie": 0.0007859588185312501
    },
    "weisser_zylinder": {
        "T_mean[s]": 2.1550000000000002,
        "T_mean_err[s]": 0.031420092651394615,
        "I_gemessen[kg*m^2]": 9.912946065308717e-05,
        "I_gemessen_err[kg*m^2]": 0.0005241869228143947,
        "I_Theorie": 0.0031195553528333337
    }
}