{
    "winkelrichtgroesse": {
        "a[Nm]": 0.02371906372938749,
        "a_err[Nm]": 0.00012366197446781187,
        "D": 0.02371906372938749,
        "D_err": 0.00012366197446781187
    },
    "eigentraegheit": {
        "p1[s^2/m^2]": 660.6371658135487,
        "p1_err[s^2/m^2]": 18.422729766411287,
        "p1_Theorie[s^2/m^2]": 741.9971871072258,
        "p2[s^2]": 4.479032220807432,
        "p2_err[s^2]": 0.8612352582709407,
        "I_D": 0.002691051393092954,
        "I_D_err": 0.000517629707516673
    },
    "brauner_zylinder": {
        "T_mean[s]": 0.8799999999999999,
        "T_mean_err[s]": 0.02352303835250313,
        "I_gemessen": -0.0022257834298195145,
        "I_gemessen_err": 0.0005182326786001169,
        "I_Theorie": 0.0007859588185312501,
        "DeltaI": 0.0030117422483507644,
        "DeltaI_err": 0.0005182326786001169
    },
    "weisser_zylinder": {
        "T_mean[s]": 2.1550000000000002,
        "T_mean_err[s]": 0.031420092651394615,
        "I_gemessen": 9.912946065308717e-05,
        "I_gemessen_err": 0.0005241869228143947,
        "I_Theorie": 0.0031195553528333337,
        "DeltaI": 0.0030204258921802465,
        "DeltaI_err": 0.0005241869228143947
    },
    "puppe": {
        "allgemein": {
            "m_Kopf[kg]": 0.018236945354088745,
            "m_Torso[kg]": 0.05403539364174445,
            "m_Arm[kg]": 0.007819259181170683,
            "m_Bein[kg]": 0.01101815448476195,
            "I_Kopf": 2.051656352334984e-06,
            "I_Torso": 1.0807078728348891e-05,
            "I_Arm_1": 1.6518185020223072e-07,
            "I_Bein_1": 3.0988559488392984e-07,
            "I_Arm_2": 1.2312563889383824e-05,
            "I_Bein_2": 1.9459667634285297e-05
        },
        "stellung_1": {
            "T5_mean[s]": 1.8489999999999998,
            "T5_mean_err[s]": 0.032504700514780244,
            "T_mean[s]": 0.36979999999999996,
            "T_mean_err[s]": 0.006500940102956049,
            "I_gemessen": -0.0026088892764551857,
            "I_gemessen_err": 0.0005176379453912792,
            "I_Theorie": 2.6030561870346144e-05,
            "DeltaI": 0.0026349198383255317,
            "DeltaI_err": 0.0005176379453912792
        },
        "stellung_2": {
            "T2_mean[s]": 1.7760000000000002,
            "T2_mean_err[s]": 0.01733333333333335,
            "T_mean[s]": 0.8880000000000001,
            "T_mean_err[s]": 0.008666666666666675,
            "I_gemessen": -0.0022172855604076606,
            "I_gemessen_err": 0.000517718200151052,
            "I_Theorie": 0.00031595587497206597,
            "DeltaI": 0.0025332414353797265,
            "DeltaI_err": 0.000517718200151052
        }
    }
}