{
    "D[Nm]": 0.02371906372938749,
    "D_err[Nm]": 0.00012366197446781187
}