{
    "IK": {
        "Brom": 18.0,
        "Gallium": 94.0,
        "Rubidium": 37.0,
        "Strontium": 118.0,
        "Zink": 78.0,
        "Zirkonium": 206.5
    },
    "E": {
        "Brom": 13479.370418736858,
        "Gallium": 10321.743593884696,
        "Rubidium": 15051.762300250813,
        "Strontium": 15987.920854985603,
        "Zink": 9600.440574911345,
        "Zirkonium": 17813.814669348754
    },
    "Sigma": {
        "Brom": 3.836678570858517,
        "Gallium": 3.674973911847367,
        "Rubidium": 4.109320029943795,
        "Strontium": 4.1204583701455775,
        "Zink": 3.634656259640092,
        "Zirkonium": 4.28223897908655
    },
    "Moseley": {
        "a": 1.4184905438818425e-09,
        "a_err": 8.547918953748456e-12,
        "b": -3.300204590525942e-09,
        "b_err": 3.0219442389104443e-10,
        "a^2": 12.55863667203004,
        "a_err^2": 0.0004560478344852213
    }
}