{
    "Parameter": {
        "a[A]": 0.019259754632071004,
        "a_err[A]": 0.0037150706702434467,
        "b[V]": 159.69331080473478,
        "b_err[V]": 1.8972762485244385
    }
}