{
    "Kategorie": {
        "a[A]": 0.3663174977989575,
        "a_err[A]": 0.006376259795016622,
        "b[V]": 1.3329241621052963,
        "b_err[V]": 0.5284154802128748
    },
    "Durchsch": {
        "a[A]": 36.63174955495086,
        "a_err[A]": 0.6376257559579194,
        "b[V]": 1.3329243697289508,
        "b_err[V]": 0.5284153524016204
    },
    "Impulsech": {
        "a[A]": 36.53709132854732,
        "a_err[A]": 0.570220884409368,
        "b[V]": 0.5241073490600694,
        "b_err[V]": 0.47255526718301627
    }
}