{
    "Kategorie": {
        "a[A]": 0.3663174977989575,
        "a_err[A]": 0.006376259795016622,
        "b[V]": 1.3329241621052963,
        "b_err[V]": 0.5284154802128748
    },
    "Durchsch": {
        "a[A]": 366.31749766449605,
        "a_err[A]": 6.37625881994552,
        "b[V]": 1.3329241739270177,
        "b_err[V]": 0.5284154217647922,
        "c": 2729.8723274588706
    },
    "Impulsech": {
        "a[A]": 365.3709168634513,
        "a_err[A]": 5.702201957532294,
        "b[V]": 0.5241070237389793,
        "b_err[V]": 0.4725548676036532,
        "c": 2736.9447304443383
    },
    "Durchsch2": {
        "a[A]": 5.827344154047524,
        "a_err[A]": 1.3800620247634183,
        "b[V]": 0.544272465157017,
        "b_err[V]": 0.004247212332317905
    },
    "Impuls2": {
        "a[A]": -4.931238617009112,
        "a_err[A]": 2.7467697811693754,
        "b[V]": 0.5843901035467234,
        "b_err[V]": 0.5266859674665924
    }
}