{
    "entladekurve[s]": -0.0006988106411000349,
    "entladekurve_err[s]": 9.19884575748501e-06,
    "entladekurve_a[1/s]": -1431.0028227759194,
    "entladekurve_a_err[1/s]": 18.837111902760753,
    "phase[s]": 0.0008258008385011461,
    "phase_err[s]": 2.6122077693055238e-05,
    "spannung[s]": -0.0008078053260423246,
    "spannung_err[s]": 5.642338194696435e-06,
    "theorie[s]": 0.0014034056000000001,
    "theorie_err[s]": 5.592000000000001e-05,
    "entladekurve_b[1/s]": 0.07248755925165602,
    "entladekurve_b_err[1/s]": 0.024526571726904825,
    "spannung_a[s]": 6.525494461043122e-07,
    "spannung_a_err[s]": 9.115814952348943e-09,
    "spannung_RC[s]": 0.00080780532686057,
    "spannung_RC_err[s]": 5.642334018628207e-06
}