{
    "Emission": {
        "K_alpha[eV]": 8044.203266802692,
        "K_beta[eV]": 8915.144433740837
    },
    "Transmission": {
        "a": -14608614277.337194,
        "a_err": 249210539.38281342,
        "b": 1.1890744700253182,
        "b_err": 0.01566842352731069,
        "T_1": 0.43207616257781034,
        "T_2": 0.3749542292200659,
        "l_1": 5.181862516706073e-11,
        "l_1_err": 1.389885037257862e-12,
        "l_2": 5.5728779290738266e-11,
        "l_2_err": 1.4332340663339467e-12,
        "l_c": 3.910154123677539e-12,
        "l_c_err": 6.670390495170433e-14
    }
}