{
    "Transmission": {
        "a": -14608614275.319029,
        "a_err": 249210541.65309918,
        "b": 1.1890744698986115,
        "b_err": 0.01566842367881038,
        "T_1": 0.43207616257781034,
        "T_1_err": 0.015052282530919274,
        "T_2": 0.3749542292200659,
        "T_2_err": 0.013739546517082939,
        "l_1": 5.1818625165546005e-11,
        "l_1_err": 1.7301570579594557e-12,
        "l_2": 5.572877928976372e-11,
        "l_2_err": 1.714269180001759e-12,
        "l_c": 3.9101541242177135e-12,
        "l_c_err": 1.1809869405661861e-12,
        "I0": 2731.0,
        "I0_err": 52.25897052181568,
        "I1": 1180.0,
        "I1_err": 34.351128074635334,
        "I2": 1024.0,
        "I2_err": 32.0
    },
    "Emission": {
        "K_alpha[eV]": 8044.203266802692,
        "K_alpha_err": 33.89503518451435,
        "K_beta[eV]": 8915.144433740837,
        "K_beta_err": 42.29046750868397,
        "theta_alpha[degree]": 22.5,
        "theta_alpha_err": 0.1,
        "theta_beta[degree]": 20.2,
        "theta_beta_err": 0.1
    }
}