{
    "Emission": {
        "K_alpha[eV]": 8044.203266802692,
        "K_beta[eV]": 8915.144433740837
    },
    "Transmission": {
        "a": -14660480154.753206,
        "a_err": 238341339.16037264,
        "b": 1.1981590272330676,
        "b_err": 0.014969061099695829,
        "T_1": 0.43207616257781034,
        "T_2": 0.3749542292200659,
        "l_1": 5.2254964132731944e-11,
        "l_1_err": 1.3282474488621622e-12,
        "l_2": 5.615128490495607e-11,
        "l_2_err": 1.3696273634135517e-12,
        "l_c": 3.8963207722241246e-12,
        "l_c_err": 6.334405836968366e-14
    }
}