{
    "Emission": {
        "K_alpha[eV]": 8044.203266802692,
        "K_beta[eV]": 8915.144433740837,
        "HBreite_alpha[m]": 3.204952053167617e-12,
        "HBreite_beta[m]": 3.261617429553102e-12,
        "A_alpha": 386892.77699941624,
        "A_beta": 380171.1349604536,
        "sigma_alpha": 4.873862175292224,
        "sigma_beta": 3.5812998360769157
    }
}