{
    "Emission": {
        "K_alpha[eV]": 8044.203266802692,
        "K_beta[eV]": 8915.144433740837,
        "HBreite_alpha[m]": 3.204952053167617e-12,
        "HBreite_beta[m]": 3.261617429553102e-12,
        "A_alpha": 48.50500481702849,
        "A_beta": 43.07520816877828,
        "sigma_alpha": 12.347878308673764,
        "sigma_beta": 22.104242052427793,
        "sigma_abs": 3.2937979559521118,
        "deltaE_alpha": 165.84274750919394,
        "deltaE_beta": 206.96694949933408
    },
    "Bragg": {
        "N_Max": 218.0,
        "theta_Max": 0.4921828490624009,
        "theta_Max[\u00b0]": 28.2
    },
    "Rydberg": {
        "a": 3.524200390842945,
        "a_err": 0.018723182558809337,
        "b": -7.639327398536267,
        "b_err": 0.6619203488319144,
        "R_inf": 12.419988394817567,
        "R_inf_err": 0.13196849458315935,
        "R_inf[J]": 1.9896821408497744e-18
    }
}