{
    "Emission": {
        "K_alpha[eV]": 8044.203266802692,
        "K_beta[eV]": 8915.144433740837,
        "HBreite_alpha[m]": 3.204952053167617e-12,
        "HBreite_beta[m]": 3.261617429553102e-12,
        "A_alpha": 48.50500481702849,
        "A_beta": 43.07520816877828,
        "sigma_alpha": 12.347878308673764,
        "sigma_beta": 22.104242052427793,
        "sigma_abs": 3.2937979559521118,
        "deltaE_alpha": 165.84274750919394,
        "deltaE_beta": 206.96694949933408
    },
    "Bragg": {
        "N_Max": 218.0,
        "theta_Max": 0.4921828490624009
    },
    "Absorption": {
        "Zink": {
            "theta_K": 18.7,
            "E_K": 9601.55516830157,
            "sigma_K": 3.633082352518226,
            "l_K": 1.291429126079104e-10
        },
        "Gallium": {
            "theta_K": 17.35,
            "E_K": 10322.941929221033,
            "sigma_K": 3.6733399462838037,
            "l_K": 1.2011816093724438e-10
        },
        "Brom": {
            "theta_K": 13.25,
            "E_K": 13430.968875723145,
            "sigma_K": 3.89380137710749,
            "l_K": 9.232191746354842e-11
        },
        "Rubidium": {
            "theta_K": 11.8,
            "E_K": 15053.50978200857,
            "sigma_K": 4.107330190619614,
            "l_K": 8.237100968187314e-11
        },
        "Strontium": {
            "theta_K": 11.1,
            "E_K": 15989.7770230197,
            "sigma_K": 4.1184046724612955,
            "l_K": 7.754784811663551e-11
        },
        "Zirkonium": {
            "theta_K": 10.0,
            "E_K": 17727.70298048899,
            "sigma_K": 4.370938851342451,
            "l_K": 6.994548596423954e-11
        }
    }
}