{
    "Emission": {
        "K_alpha[eV]": 8044.203266802692,
        "K_beta[eV]": 8915.144433740837,
        "HBreite_alpha[m]": 0.49381343187893734,
        "HBreite_beta[m]": 0.49469720646898807,
        "A_alpha": 48.50501295612825,
        "A_beta": 43.07519959248431,
        "sigma_alpha": 12.347878308673764,
        "sigma_beta": 22.104242052427793,
        "sigma_abs": 3.2937979559521118,
        "deltaE_alpha": 165.84271968092253,
        "deltaE_beta": 206.96699070655814
    },
    "Bragg": {
        "N_Max": 218.0,
        "theta_Max": 0.4921828490624009
    },
    "Rydberg": {
        "a": 3.524200390842945,
        "a_err": 0.018723182558809327,
        "b": -7.639327398536267,
        "b_err": 0.661920348831914,
        "R_inf": 12.419988394817567,
        "R_inf_err": 0.1319684945831593,
        "R_inf[J]": 1.9896821408497744e-18
    }
}