{
    "Emission": {
        "K_alpha[eV]": 8044.203266802692,
        "K_beta[eV]": 8915.144433740837,
        "HBreite_alpha[m]": 3.204952053167617e-12,
        "HBreite_beta[m]": 3.261617429553102e-12,
        "A_alpha": 386892.77699941624,
        "A_beta": 380171.1349604536,
        "sigma_alpha": 12.347878308673764,
        "sigma_beta": 22.104242052427793,
        "sigma_abs": 3.2937979559521118
    }
}