{
    "hohlzylinder": {
        "V": 7853.981633974483,
        "V_err": 2299.218749343674,
        "V_err_selbst": 2299.2187493436736
    }
}