{
    "hohlzylinder": {
        "V": 7853.981633974483,
        "V_err": 2299.218749343674,
        "V_err_selbst": 2299.2187493436736
    },
    "regression": {
        "a": 0.5811111111101978,
        "a_err": 0.00665342598054408,
        "b": -19.68000000004511,
        "b_err": 0.1900598618278147
    }
}