{
    "niedrigdruck": {
        "a": -881.3151719463943,
        "a_err": 21.23687549026684,
        "b": 14.401628226515186,
        "b_err": 0.06232363917136362,
        "L": 7327.2543395623225,
        "L_err": 176.5633828260785,
        "La": 3101.122,
        "Li": 4226.132339562322,
        "Li_err": 176.5633828260785,
        "LieV": 0.04380068867746057,
        "LieV_err": 0.0018299468974521704
    },
    "hochdruck": {
        "a": 0.8109905943851285,
        "a_err": 0.10166674579922028,
        "b": -862.7071080597807,
        "b_err": 129.83110396736404,
        "c": 308308.18163132714,
        "c_err": 55145.788164834514,
        "d": -36924047.42443735,
        "d_err": 7790389.283761433
    }
}