{
    "niedrigdruck": {
        "a": -3858.9001312915657,
        "a_err": 23.124927506992538,
        "b": 21.567397052093114,
        "b_err": 0.06786448647910294,
        "L": 32082.89569155808,
        "L_err": 192.26064729313597,
        "La": 3101.122,
        "Li": 28981.77369155808,
        "Li_err": 192.26064729313597,
        "LieV": 0.30037432450968155,
        "LieV_err": 0.0019926372579912714
    },
    "hochdruck": {
        "a": 0.8109971242426224,
        "a_err": 0.10166575649679337,
        "b": -862.7154544690255,
        "b_err": 129.82986618339737,
        "c": 308311.72857349756,
        "c_err": 55145.27255546618,
        "d": -37024548.53497467,
        "d_err": 7790317.8737828955
    }
}