{
    "niedrigdruck": {
        "a": -881.3151719463943,
        "a_err": 21.23687549026684,
        "b": 14.401628226515186,
        "b_err": 0.06232363917136362,
        "L": 7327.2543395623225,
        "L_err": 176.5633828260785
    }
}